{"valueType":"relations","values":[[{"_typeName":"Message","id":"cjfiohovw9q3q0b81vyfj3ycm","fieldName":"chat"},{"_typeName":"Chat","id":"cjfiohhwe9pko0b81dwcsf0z3","fieldName":"messages"}],[{"_typeName":"Message","id":"cjfjcbwp0mrqp0b81cnu8k8s4","fieldName":"chat"},{"_typeName":"Chat","id":"cjfjcbpvbmrbu0b81atx9qz68","fieldName":"messages"}],[{"_typeName":"Message","id":"cjfjcci4zmtc10b81vx4k5s64","fieldName":"chat"},{"_typeName":"Chat","id":"cjfjcbpvbmrbu0b81atx9qz68","fieldName":"messages"}],[{"_typeName":"Message","id":"cjfjccp56mtri0b81no8nspr0","fieldName":"chat"},{"_typeName":"Chat","id":"cjfjcbpvbmrbu0b81atx9qz68","fieldName":"messages"}],[{"_typeName":"Message","id":"cjfjcdbb5mv7j0b81x7kuzp8c","fieldName":"chat"},{"_typeName":"Chat","id":"cjfiohhwe9pko0b81dwcsf0z3","fieldName":"messages"}],[{"_typeName":"Message","id":"cjfjcerwymyg90b81h0yodhz0","fieldName":"chat"},{"_typeName":"Chat","id":"cjfiohhwe9pko0b81dwcsf0z3","fieldName":"messages"}],[{"_typeName":"Message","id":"cjfjcf2gpmz360b816b27vs4q","fieldName":"chat"},{"_typeName":"Chat","id":"cjfiohhwe9pko0b81dwcsf0z3","fieldName":"messages"}],[{"_typeName":"Message","id":"cjfjeixegrpct0b81132j6f50","fieldName":"chat"},{"_typeName":"Chat","id":"cjfjcbpvbmrbu0b81atx9qz68","fieldName":"messages"}],[{"_typeName":"Message","id":"cjfjej0lgrpdy0b81h201g45y","fieldName":"chat"},{"_typeName":"Chat","id":"cjfjcbpvbmrbu0b81atx9qz68","fieldName":"messages"}],[{"_typeName":"Message","id":"cjfjejp97rqu20b81ap8j5x9v","fieldName":"chat"},{"_typeName":"Chat","id":"cjfjcbpvbmrbu0b81atx9qz68","fieldName":"messages"}],[{"_typeName":"Message","id":"cjfjgil5fwgdi0b81usyizhms","fieldName":"chat"},{"_typeName":"Chat","id":"cjfjgi7fdwfbo0b81zwyirmto","fieldName":"messages"}],[{"_typeName":"User","id":"cjfioh8nh9ouv0b81lhy6f8jb","fieldName":"messages"},{"_typeName":"Message","id":"cjfiohovw9q3q0b81vyfj3ycm","fieldName":"sendBy"}],[{"_typeName":"User","id":"cjfjcbnanmra20b81d0d4b8zu","fieldName":"messages"},{"_typeName":"Message","id":"cjfjcbwp0mrqp0b81cnu8k8s4","fieldName":"sendBy"}],[{"_typeName":"User","id":"cjfjcakylmp6b0b81o5fwuf6k","fieldName":"messages"},{"_typeName":"Message","id":"cjfjcci4zmtc10b81vx4k5s64","fieldName":"sendBy"}],[{"_typeName":"User","id":"cjfjcbnanmra20b81d0d4b8zu","fieldName":"messages"},{"_typeName":"Message","id":"cjfjccp56mtri0b81no8nspr0","fieldName":"sendBy"}],[{"_typeName":"User","id":"cjfjcakylmp6b0b81o5fwuf6k","fieldName":"messages"},{"_typeName":"Message","id":"cjfjcdbb5mv7j0b81x7kuzp8c","fieldName":"sendBy"}],[{"_typeName":"User","id":"cjfjcakylmp6b0b81o5fwuf6k","fieldName":"messages"},{"_typeName":"Message","id":"cjfjcerwymyg90b81h0yodhz0","fieldName":"sendBy"}],[{"_typeName":"User","id":"cjfjcakylmp6b0b81o5fwuf6k","fieldName":"messages"},{"_typeName":"Message","id":"cjfjcf2gpmz360b816b27vs4q","fieldName":"sendBy"}],[{"_typeName":"User","id":"cjfioh8nh9ouv0b81lhy6f8jb","fieldName":"messages"},{"_typeName":"Message","id":"cjfjeixegrpct0b81132j6f50","fieldName":"sendBy"}],[{"_typeName":"User","id":"cjfioh8nh9ouv0b81lhy6f8jb","fieldName":"messages"},{"_typeName":"Message","id":"cjfjej0lgrpdy0b81h201g45y","fieldName":"sendBy"}],[{"_typeName":"User","id":"cjfioh8nh9ouv0b81lhy6f8jb","fieldName":"messages"},{"_typeName":"Message","id":"cjfjejp97rqu20b81ap8j5x9v","fieldName":"sendBy"}],[{"_typeName":"User","id":"cjfjggaghwasn0b81m471f2b3","fieldName":"messages"},{"_typeName":"Message","id":"cjfjgil5fwgdi0b81usyizhms","fieldName":"sendBy"}]]}