{"valueType":"nodes","values":[{"_typeName":"Message","id":"cjfiohovw9q3q0b81vyfj3ycm","content":"hello world","createdAt":"2018-04-02T20:19:40.000Z","updatedAt":"2018-04-02T20:19:40.000Z"},{"_typeName":"Message","id":"cjfjcbwp0mrqp0b81cnu8k8s4","content":"Hello dude!","createdAt":"2018-04-03T07:27:01.000Z","updatedAt":"2018-04-03T07:27:01.000Z"},{"_typeName":"Message","id":"cjfjcci4zmtc10b81vx4k5s64","content":"Totalt sejt Anker!","createdAt":"2018-04-03T07:27:28.000Z","updatedAt":"2018-04-03T07:27:28.000Z"},{"_typeName":"Message","id":"cjfjccp56mtri0b81no8nspr0","content":"Og den opdaterer i real time!!","createdAt":"2018-04-03T07:27:38.000Z","updatedAt":"2018-04-03T07:27:38.000Z"},{"_typeName":"Message","id":"cjfjcdbb5mv7j0b81x7kuzp8c","content":"Det her er alt for sejt Anker!","createdAt":"2018-04-03T07:28:06.000Z","updatedAt":"2018-04-03T07:28:06.000Z"},{"_typeName":"Message","id":"cjfjcerwymyg90b81h0yodhz0","content":"<img src=\"https://www.askideas.com/media/47/Finds-Pill-Of-Immortality-Chokes-On-It-Funny-Cool-Meme-Picture.jpg\" />","createdAt":"2018-04-03T07:29:14.000Z","updatedAt":"2018-04-03T07:29:14.000Z"},{"_typeName":"Message","id":"cjfjcf2gpmz360b816b27vs4q","content":"Ingen XSS her ;)","createdAt":"2018-04-03T07:29:28.000Z","updatedAt":"2018-04-03T07:29:28.000Z"},{"_typeName":"Message","id":"cjfjeixegrpct0b81132j6f50","content":"Yeah boi!","createdAt":"2018-04-03T08:28:27.000Z","updatedAt":"2018-04-03T08:28:27.000Z"},{"_typeName":"Message","id":"cjfjej0lgrpdy0b81h201g45y","content":"Tak :)","createdAt":"2018-04-03T08:28:32.000Z","updatedAt":"2018-04-03T08:28:32.000Z"},{"_typeName":"Message","id":"cjfjejp97rqu20b81ap8j5x9v","content":"Så mangler jeg bare design ;)","createdAt":"2018-04-03T08:29:04.000Z","updatedAt":"2018-04-03T08:29:04.000Z"},{"_typeName":"Message","id":"cjfjgil5fwgdi0b81usyizhms","content":" anybody here?","createdAt":"2018-04-03T09:24:11.000Z","updatedAt":"2018-04-03T09:24:11.000Z"},{"_typeName":"User","id":"cjfindlt86nzp0b81d23251s3","createdAt":"2018-04-02T19:48:29.000Z","email":"ankerbachryhl@gmail.com","name":"Anker","password":"$2a$10$PSJuW/abTl2Lwk9xsMyMXODSBAnuuSUSoL4R8y15UAXTcFKQ8YY1W","updatedAt":"2018-04-02T19:48:29.000Z"},{"_typeName":"User","id":"cjfioh8nh9ouv0b81lhy6f8jb","createdAt":"2018-04-02T20:19:19.000Z","email":"ankerbachryhl1@gmail.com","name":"ankerbach","password":"$2a$10$vtzXu1KWVjLM0lvMyvSeQe4kC/fvYTu4A63l9pQV.YSnJWn7tPMUK","updatedAt":"2018-04-02T20:19:19.000Z"},{"_typeName":"User","id":"cjfjcakylmp6b0b81o5fwuf6k","createdAt":"2018-04-03T07:25:59.000Z","email":"andersbthuesen@gmail.com","name":"ande765a","password":"$2a$10$7kO3tYtxSD8xhcUJR86TE.YWk7/NXcHNiXt1CmP4ICdjdjOW33ix6","updatedAt":"2018-04-03T07:25:59.000Z"},{"_typeName":"User","id":"cjfjcbnanmra20b81d0d4b8zu","createdAt":"2018-04-03T07:26:49.000Z","email":"anders@subreader.dk","name":"ande765a2","password":"$2a$10$Vuc8eis4yRTGJX8iaLO40ukORKuq.Mqoj6RgRom0cgNt2NXdmkReC","updatedAt":"2018-04-03T07:26:49.000Z"},{"_typeName":"User","id":"cjfjg21eovauo0b81ptrzhox3","createdAt":"2018-04-03T09:11:19.000Z","email":"ankerbachryhlll@gmail.com","name":"Annker","password":"$2a$10$WcckH2XUzwxTA7CMKFkhLOL44SKsrSVfcIea6zyb8QXtOU14mEC5i","updatedAt":"2018-04-03T09:11:19.000Z"},{"_typeName":"User","id":"cjfjggaghwasn0b81m471f2b3","createdAt":"2018-04-03T09:22:24.000Z","email":"ankerbachryhl11@gmail.com","name":"ankerersej","password":"$2a$10$oySYnBqBLIyI4IG9oMXDjuOLuAgUh4opLIaU7pfExnlaYMp4djYOa","updatedAt":"2018-04-03T09:22:24.000Z"},{"_typeName":"Chat","id":"cjfiohhwe9pko0b81dwcsf0z3","createdAt":"2018-04-02T20:19:31.000Z","name":"first chat","updatedAt":"2018-04-02T20:19:31.000Z"},{"_typeName":"Chat","id":"cjfjcbpvbmrbu0b81atx9qz68","createdAt":"2018-04-03T07:26:52.000Z","name":"ande765a","updatedAt":"2018-04-03T07:26:52.000Z"},{"_typeName":"Chat","id":"cjfjgi7fdwfbo0b81zwyirmto","createdAt":"2018-04-03T09:23:53.000Z","name":"Stranger chat","updatedAt":"2018-04-03T09:23:53.000Z"}]}